{"opts":{"samples":1000,"years":30,"inflation":0.02,"income":85000,"income_increase":0.02,"income_old_age":0.2,"tax":{},"expenses":2500,"expenses_increase":0.02,"rrsp_allowance":0.18,"savings":10000,"rent":1500,"property_value":300000,"property_type":"apartment","property_tax":0.007,"property_tax_increase":0.02,"property_maintenance":0.015,"property_transaction_fees":0.06,"mortgage_term":25},"buy":[[-71679,-71146,-70653],[-54245,-50059,-45975],[-34063,-24592,-14385],[-12659,2844,18018],[10508,32044,52724],[35646,62670,89481],[64376,94760,124008],[95957,129072,161896],[127576,163533,204240],[160616,200023,244828],[196904,239359,289300],[234047,280619,339221],[272889,323268,389181],[314931,369626,447519],[357066,418057,501273],[404339,469028,563696],[453245,524551,636460],[501827,578821,708585],[556822,639839,792651],[610694,700113,866352],[667787,766676,952665],[731773,840101,1047018],[793904,912084,1140221],[857410,990877,1267663],[926677,1078646,1356127],[992143,1165623,1488834],[1071900,1265243,1653514],[1152506,1362384,1768815],[1231691,1471444,1943199],[1328155,1585885,2135600]],"rent":[[-36374,-34515,-32872],[-14433,-7906,-2008],[8773,19043,29378],[31414,46869,61848],[54017,74284,96118],[77776,103069,132555],[100683,131828,169625],[124509,162253,209305],[148274,191772,248471],[171049,221884,296891],[195849,255614,344500],[218726,289985,401248],[243019,326411,461480],[271928,365165,519199],[295753,403699,592004],[326243,448265,665753],[356657,491265,749986],[384441,537979,845902],[418773,586863,949396],[447282,640279,1026278],[466315,698150,1140143],[501899,762806,1257275],[538443,824070,1393479],[585399,896915,1550458],[605496,968242,1710044],[647394,1047082,1879383],[677609,1125236,2076654],[715987,1225316,2287885],[748774,1317688,2570295],[780280,1424666,2802941]],"defaults":{"rate":0},"purchase":{"mortgage":315575,"rate":100},"net_worth":{"buy":[["house",0.5632040500562167],["personal",0.16484015203719102],["rrsp",0.27195596725063326]],"rent":[["personal",0.22482103839971512],["rrsp",0.7751791181924867]]}}