{"opts":{"samples":1000,"years":30,"inflation":0.02,"income":85000,"income_increase":0.02,"income_old_age":0.2,"tax":{},"expenses":2500,"expenses_increase":0.02,"rrsp_allowance":0.18,"savings":10000,"rent":1500,"property_value":300000,"property_type":"apartment","property_tax":0.007,"property_tax_increase":0.02,"property_maintenance":0.015,"property_transaction_fees":0.06,"mortgage_term":25},"buy":[[-72881,-72128,-71426],[-65939,-61547,-57380],[-56158,-46346,-37214],[-44786,-29691,-15580],[-31955,-12289,7901],[-17104,7051,31755],[253,28216,56363],[19475,50393,81318],[39031,73448,109329],[60551,98017,139813],[83272,125656,171348],[108771,153417,205743],[134428,183911,243290],[161713,216427,281817],[192943,250318,322232],[224377,287152,374555],[256604,326133,423614],[294296,370532,477962],[332771,419012,534052],[374243,468955,605592],[417589,523805,686447],[464482,582220,759655],[513915,643695,839592],[561192,711426,937684],[613319,780294,1049628],[670913,855084,1148951],[738881,941588,1289128],[805819,1026671,1442251],[874031,1124396,1604620],[945533,1233834,1718540]],"rent":[[-35997,-34575,-33278],[-12668,-8026,-3693],[10950,18611,26702],[35544,46537,58011],[59936,74196,90190],[83614,103552,123721],[108190,132685,159162],[133695,162281,196363],[159583,191916,237938],[184723,222342,277762],[210292,256010,323001],[235436,291020,368584],[258126,326097,415681],[288161,362475,469952],[318035,405008,528901],[344043,446399,596467],[370559,488073,660022],[400385,538745,744026],[441529,593650,810593],[480736,650845,900583],[512410,703060,1006064],[552953,765511,1092652],[585921,822347,1207994],[619140,894512,1340214],[651297,972073,1459675],[689965,1043657,1603623],[751582,1121238,1767980],[780172,1208310,1960076],[838434,1308921,2192170],[890087,1414592,2409323]],"defaults":{"rate":0},"purchase":{"mortgage":306166,"rate":100},"net_worth":{"buy":[["house",0.21309762620589112],["personal",0.29675972317272115],["rrsp",0.4901428045610763]],"rent":[["personal",0.24236117040770078],["rrsp",0.7576386163812219]]}}