{"opts":{"samples":1000,"years":30,"inflation":0.02,"income":85000,"income_increase":0.02,"income_old_age":0.2,"tax":{},"expenses":2500,"expenses_increase":0.02,"rrsp_allowance":0.18,"savings":10000,"rent":1500,"property_value":300000,"property_type":"apartment","property_tax":0.007,"property_tax_increase":0.02,"property_maintenance":0.015,"property_transaction_fees":0.06,"mortgage_term":25},"buy":[[-71667,-71176,-70655],[-54120,-50316,-46135],[-33985,-24891,-14830],[-12239,2113,18203],[11173,30936,52792],[36483,61125,88512],[65649,92392,125341],[95785,125649,164721],[127928,160556,203664],[159827,198347,245859],[194430,237775,292144],[233883,280207,342435],[272577,322652,387237],[313180,368723,441378],[355477,417134,494699],[400414,466712,553841],[446694,520822,624320],[496011,577877,698227],[550061,636555,777163],[608066,698782,860322],[663056,768158,953559],[723087,840870,1043668],[788432,912200,1142468],[856956,990181,1251190],[929539,1073350,1379789],[998107,1159823,1508860],[1076885,1259041,1638328],[1160788,1363077,1794254],[1243805,1474890,1973308],[1332996,1592031,2167560]],"rent":[[-36374,-34565,-32652],[-14433,-7991,-1917],[7793,18935,30046],[31019,46935,61464],[56168,75100,96482],[79613,104404,134242],[100931,134750,170604],[126532,165838,208953],[149305,195435,252805],[172130,225370,299107],[198438,259190,348071],[224067,295136,399983],[249602,330305,466193],[275020,367598,531238],[301629,409256,603364],[323820,449291,669599],[353345,498760,751319],[378945,551589,840685],[412077,604984,926669],[443284,653546,1048216],[480248,715436,1166535],[509807,775536,1283666],[532521,833065,1427819],[581623,911876,1600402],[613000,985050,1814413],[646553,1077010,1994436],[680426,1173919,2153235],[721866,1265821,2357326],[761031,1347247,2697687],[806288,1465958,2894916]],"defaults":{"rate":0},"purchase":{"mortgage":315575,"rate":100},"net_worth":{"buy":[["house",0.5606714400447824],["personal",0.1580392421541612],["rrsp",0.281289102095364]],"rent":[["personal",0.24908098990254895],["rrsp",0.7509187112992858]]}}