{"opts":{"samples":1000,"years":30,"inflation":0.02,"income":100000,"income_increase":0.02,"income_old_age":0.5,"tax":{},"expenses":2500,"expenses_increase":0.02,"rrsp_allowance":0.18,"savings":10000,"rent":2000,"property_value":300000,"property_type":"apartment","property_tax":0.007,"property_tax_increase":0.02,"property_maintenance":0.015,"property_transaction_fees":0.06,"mortgage_term":25},"buy":[[-56294,-51938,-30239],[-51995,-30947,-11071],[-45554,-1425,17432],[-37817,29996,51598],[-28546,63665,89769],[-14741,96475,129316],[10539,129262,171304],[43418,162556,212287],[76730,200214,260181],[110956,239554,309883],[142280,282853,365402],[174889,328091,423405],[210709,377212,484868],[243896,428038,560854],[287422,480712,637304],[330577,538003,729947],[382847,605574,810133],[446486,675242,909718],[499576,746557,1020941],[559690,823622,1141448],[617210,913112,1265559],[671772,991287,1398801],[744065,1094283,1549949],[828214,1198495,1709591],[904974,1315074,1863573],[983679,1439469,2076961],[1062429,1564999,2292863],[1165380,1700666,2557999],[1241690,1856086,2783042],[1325939,2024099,3065431]],"rent":[[-18533,-16950,-15666],[8096,13324,17940],[34941,42850,51351],[61236,73748,86028],[87890,105021,122932],[115241,136757,159590],[143715,169183,200243],[171442,201424,239730],[198802,236506,286155],[227187,275102,332487],[259306,312287,383119],[292905,355184,441408],[324659,397090,504812],[355058,443279,569445],[390699,489790,648695],[427166,542079,729601],[465441,597254,815817],[505270,654116,911456],[545363,714967,995843],[590531,775170,1109682],[626109,851109,1217997],[663448,922640,1352646],[726678,1004961,1471058],[764904,1079950,1583492],[808206,1151448,1743852],[865759,1251342,1927944],[914910,1347854,2170205],[977633,1469190,2371413],[1031360,1580865,2611128],[1079724,1718171,2886028]],"defaults":{"mortgage_rate":0.13,"rate":9.3},"purchase":{"mortgage":305193,"rate":100},"net_worth":{"buy":[["house",0.12887880079521477],["personal",0.2708596337855395],["rrsp",0.6002615026660045]],"rent":[["personal",0.23789564344715403],["rrsp",0.7621043536374805]]}}