{"opts":{"samples":1000,"years":30,"inflation":0.02,"income":85000,"income_increase":0.02,"income_old_age":0.2,"tax":{},"expenses":2500,"expenses_increase":0.02,"rrsp_allowance":0.18,"savings":10000,"rent":1500,"property_value":300000,"property_type":"apartment","property_tax":0.007,"property_tax_increase":0.02,"property_maintenance":0.015,"property_transaction_fees":0.06,"mortgage_term":25},"buy":[[-71679,-71156,-70649],[-54197,-50021,-45970],[-34218,-24384,-14863],[-12550,2984,17939],[10653,32506,52366],[35804,62567,88086],[64759,93793,125063],[95251,126194,162682],[127404,161158,202566],[161418,197878,246191],[195781,236867,291760],[234416,278509,340568],[272040,321951,389764],[314906,368341,443243],[357996,416305,496080],[402639,467850,553057],[449267,521351,616256],[499915,579479,684938],[555000,637565,760107],[610148,700468,839940],[668507,766476,936028],[732121,837424,1031173],[791879,909335,1143700],[859006,985253,1247829],[927257,1069751,1375100],[997237,1155413,1499666],[1077325,1256985,1639843],[1158469,1363069,1793252],[1249938,1479893,1967078],[1336864,1587940,2129706]],"rent":[[-36398,-34477,-32880],[-13733,-7738,-2218],[8580,18671,30064],[32449,46830,61639],[54965,73532,96144],[77953,102133,131067],[101461,131394,168842],[126492,160451,210042],[150375,190706,251255],[174169,223775,294191],[198355,257779,347856],[222671,294304,394719],[247317,328811,454700],[273740,366308,519614],[294816,404183,589521],[321397,448575,672808],[347964,495864,753632],[381829,539428,838557],[399023,593408,958659],[434327,648125,1066674],[468106,703157,1187491],[498960,764818,1299452],[528372,832970,1423056],[557001,908011,1615856],[587085,986894,1748329],[626574,1077345,1949560],[675454,1137354,2127304],[718884,1238212,2362052],[767482,1333602,2647666],[805412,1444593,2885062]],"defaults":{"rate":0},"purchase":{"mortgage":315575,"rate":100},"net_worth":{"buy":[["house",0.5620443001027121],["personal",0.1569686058658285],["rrsp",0.280987107286243]],"rent":[["personal",0.21706978978501937],["rrsp",0.7829304340772901]]}}