{"opts":{"samples":1000,"years":30,"inflation":0.02,"income":85000,"income_increase":0.02,"income_old_age":0.2,"tax":{},"expenses":2500,"expenses_increase":0.02,"rrsp_allowance":0.18,"savings":10000,"rent":1500,"property_value":300000,"property_type":"apartment","property_tax":0.007,"property_tax_increase":0.02,"property_maintenance":0.015,"property_transaction_fees":0.06,"mortgage_term":25},"buy":[[-72898,-72111,-71407],[-65964,-61592,-57349],[-56162,-46245,-36564],[-45331,-29945,-15199],[-32438,-12720,8097],[-17737,6498,34344],[637,27329,59510],[19164,49764,85478],[40093,73069,113141],[61343,98664,145107],[83586,125476,177263],[106390,153538,214401],[132503,184442,249269],[160990,216293,293109],[189627,251647,342446],[219939,289168,396183],[252222,331188,455079],[284814,373978,516628],[324047,424763,585892],[362273,477389,665248],[402307,533624,752003],[447694,592801,845966],[493953,654520,941284],[545755,720795,1040346],[598574,789658,1207725],[652668,872985,1344048],[709281,956850,1495107],[766144,1047529,1697777],[837509,1152834,1859000],[900238,1254076,2045536]],"rent":[[-36363,-34484,-32698],[-13856,-7963,-2209],[9224,19155,29483],[31830,46780,62541],[55059,73796,94986],[77398,103360,130497],[102474,132629,167949],[126659,162867,205166],[151350,192772,249217],[176096,223944,295014],[198334,257712,345941],[219706,291190,395043],[244033,328118,450797],[270119,368353,520677],[289195,407091,595361],[317663,450757,669917],[346971,502620,747636],[385359,552395,840868],[410443,605435,945377],[444039,665162,1037572],[460205,721899,1151765],[500305,788086,1310209],[544180,849114,1443296],[576344,924528,1599053],[614174,994992,1796252],[659330,1093468,1947201],[694029,1186539,2213328],[738003,1272431,2467840],[785649,1361369,2733691],[822809,1473141,2978737]],"defaults":{"rate":0},"purchase":{"mortgage":306166,"rate":100},"net_worth":{"buy":[["house",0.21020695772810405],["personal",0.2951686242839649],["rrsp",0.49462438509025664]],"rent":[["personal",0.24410226352886571],["rrsp",0.7558978051820235]]}}