{"opts":{"samples":1000,"years":30,"inflation":0.02,"income":85000,"income_increase":0.02,"income_old_age":0.2,"tax":{},"expenses":2500,"expenses_increase":0.02,"rrsp_allowance":0.18,"savings":10000,"rent":1500,"property_value":300000,"property_type":"apartment","property_tax":0.007,"property_tax_increase":0.02,"property_maintenance":0.015,"property_transaction_fees":0.06,"mortgage_term":25},"buy":[[-71680,-71153,-70655],[-54211,-50075,-46012],[-34326,-24701,-15032],[-12887,2739,17792],[10315,31564,51712],[35637,61580,88007],[64906,93351,123617],[96190,126849,161745],[127431,162804,202460],[160873,199310,244156],[195547,238422,291120],[233836,279409,336501],[274802,323030,388374],[317583,368798,438647],[358306,416702,493539],[403542,468455,555115],[449676,520115,615526],[501149,575807,684473],[554299,635377,762528],[607833,698415,840980],[667232,767182,937140],[725618,837038,1027162],[787541,912179,1129257],[856835,993571,1237317],[924545,1081048,1373231],[995871,1165566,1475537],[1072278,1260835,1611002],[1151135,1361890,1788899],[1240781,1472634,1958729],[1327766,1589238,2093687]],"rent":[[-36554,-34561,-32636],[-14078,-7980,-1816],[7934,18997,28854],[30959,46619,62395],[55483,74984,96718],[78623,103040,131663],[101521,131867,171594],[125601,161651,205786],[145836,191132,243108],[171558,222743,293555],[192625,255310,342098],[214541,289370,392313],[235422,323838,449898],[259924,364532,511674],[287132,407083,572879],[317059,447127,639700],[343066,488303,728389],[367720,530787,820302],[401659,583120,927062],[429597,640607,1034459],[469520,697302,1179669],[497243,752271,1281188],[529973,821778,1407414],[565520,892571,1569614],[602045,962929,1720392],[641054,1038249,1866600],[669516,1145231,2079661],[715785,1226787,2309032],[745964,1313228,2601793],[799650,1429843,2829075]],"defaults":{"rate":0},"purchase":{"mortgage":315575,"deposit":24595,"rate":100},"net_worth":{"buy":[["house",0.5616214559297983],["personal",0.1581302174238767],["rrsp",0.2802484927255003]],"rent":[["personal",0.2641971523353302],["rrsp",0.7358026203461524]]}}