{"opts":{"samples":1000,"years":30,"inflation":0.02,"income":85000,"income_increase":0.02,"income_old_age":0.2,"tax":{},"expenses":2500,"expenses_increase":0.02,"rrsp_allowance":0.18,"savings":10000,"rent":1500,"property_value":300000,"property_type":"apartment","property_tax":0.007,"property_tax_increase":0.02,"property_maintenance":0.015,"property_transaction_fees":0.06,"mortgage_term":25},"buy":[[-71658,-71161,-70658],[-53993,-50158,-46135],[-33742,-24823,-15079],[-12195,2277,17732],[11424,30539,52669],[36806,60602,88299],[66397,93198,124295],[96099,127706,161544],[127753,163105,204215],[160725,199811,246595],[195903,238658,289749],[234132,278773,334595],[273407,322804,384508],[315568,369079,440044],[357363,419520,499325],[401558,469750,566299],[450870,523427,626057],[501702,578287,694036],[555170,640079,772211],[607335,701271,858925],[668103,769301,946447],[728255,839303,1036621],[787705,915080,1132975],[853633,993551,1248738],[924586,1077486,1364669],[995877,1162517,1503784],[1068432,1264974,1670596],[1150729,1367186,1845417],[1233870,1470611,2032387],[1323300,1587735,2197425]],"rent":[[-36458,-34519,-32703],[-13589,-7639,-2180],[9236,18691,29525],[32301,46635,61925],[55846,74521,96079],[79275,103556,133270],[101821,133116,168973],[124935,164489,207741],[149954,193843,249686],[174389,224800,294919],[197241,258408,346091],[221235,292529,394067],[244387,332225,446028],[268868,372047,519590],[296743,409258,588583],[322574,458962,672784],[353831,501109,749009],[375124,548260,833118],[404807,601123,936460],[428201,657558,1055786],[462069,713297,1173587],[500798,772789,1276037],[533485,836233,1417483],[567876,899535,1629059],[599111,974303,1755756],[638642,1045158,1989416],[666738,1128559,2241075],[725719,1227401,2466137],[750583,1339931,2774976],[799502,1431396,3020948]],"defaults":{"rate":0},"purchase":{"mortgage":315575,"rate":100},"net_worth":{"buy":[["house",0.562218175133075],["personal",0.15392684176499194],["rrsp",0.28385467078501975]],"rent":[["personal",0.2392443847899285],["rrsp",0.7607553775604777]]}}