{"opts":{"samples":1000,"years":30,"inflation":0.02,"income":100000,"income_increase":0.04,"income_tax":0.3,"income_tax_increase":0.0025,"expenses":2000,"expenses_increase":0.02,"rrsp_allowance":0.18,"savings":10000,"rent":1500,"property_value":300000,"property_type":"apartment","property_tax":0.007,"property_tax_increase":0.02,"property_maintenance":0.015,"property_transaction_fees":0.06,"mortgage_term":25},"buy":[[-19476,-10727,11681],[-7447,19284,41767],[6900,52108,73349],[23944,90030,113128],[44184,131192,158887],[75223,175708,210328],[119205,222441,266838],[164430,274956,328277],[210661,331817,399987],[256912,394201,483838],[314814,462996,571351],[372845,537395,660444],[443991,616742,767256],[520257,706352,866851],[606956,799596,991989],[690889,904697,1131439],[782617,1011818,1275448],[877063,1137117,1432578],[980937,1266090,1622087],[1106437,1407695,1811315],[1221910,1563149,2033635],[1342579,1725974,2265626],[1489380,1908566,2514625],[1630862,2100875,2757061],[1807482,2314958,3073676],[1976664,2532567,3386025],[2154534,2783942,3775308],[2330992,3031558,4229653],[2525743,3303205,4661638],[2770325,3609237,5133395]],"rent":[[26628,29226,31303],[55509,60770,65900],[86428,95399,104086],[120593,133008,146756],[156221,174411,194316],[195693,218448,248153],[237190,267894,305502],[281316,320296,368332],[330272,377024,439420],[380163,439759,515578],[437557,506288,605627],[493896,578536,696675],[556708,657749,798661],[622610,742624,906527],[693161,836230,1031558],[764494,934255,1151623],[845905,1040542,1290387],[928555,1148708,1443807],[1026877,1270080,1607578],[1123694,1400417,1793845],[1229341,1543539,2005697],[1346304,1682730,2232999],[1455264,1860674,2489548],[1573672,2028581,2755709],[1716880,2212331,3029559],[1862736,2407405,3323005],[2005240,2634076,3699020],[2168933,2854377,4149124],[2363883,3118230,4590367],[2533593,3378675,4996181]],"defaults":{"mortgage_rate":0.12475,"rate":8},"purchase":{"mortgage":309071.72237334517,"rate":100}}