{"opts":{"samples":1000,"years":30,"inflation":0.02,"income":100000,"income_increase":0.02,"income_old_age":0.2,"tax":{},"expenses":2500,"expenses_increase":0.02,"rrsp_allowance":0.18,"savings":10000,"rent":2000,"property_value":300000,"property_type":"apartment","property_tax":0.007,"property_tax_increase":0.02,"property_maintenance":0.015,"property_transaction_fees":0.06,"mortgage_term":25},"buy":[[-73700,-72624,-71599],[-45832,-40343,-34892],[-12090,-463,12605],[23004,42247,61810],[61167,85786,114142],[99559,132127,166958],[143195,179404,224403],[188438,229302,280734],[234050,283410,340794],[285786,337236,411929],[332779,393270,489505],[389200,457815,570456],[444336,523680,652722],[498868,592549,751480],[556525,667718,857352],[621383,750086,964938],[690636,832827,1085805],[759013,928524,1211792],[838277,1025132,1369145],[915819,1126140,1507176],[992090,1241030,1701286],[1074236,1359917,1874700],[1166460,1473729,2079272],[1266481,1605876,2281957],[1367841,1738410,2536107],[1462495,1894145,2803103],[1583916,2058382,3089036],[1693440,2209022,3393691],[1800910,2399858,3737257],[1923021,2603433,4160887]],"rent":[[-40982,-38488,-36457],[-15435,-8179,-1206],[10573,22520,34277],[38098,53715,71129],[63272,85162,110881],[90832,117197,150597],[116968,150486,192838],[144363,184628,237455],[170745,218799,284840],[198135,255823,337059],[226062,294574,398422],[255721,333965,466004],[283160,379648,544601],[310583,427000,607252],[343182,477029,703985],[374992,523109,802291],[410865,578422,884570],[448919,636814,999039],[486860,704642,1140550],[517038,775167,1261417],[551529,839621,1402200],[592588,918402,1603557],[634889,990010,1786851],[673280,1082737,1959190],[719635,1178297,2140871],[755782,1268379,2406785],[816425,1370530,2653649],[875124,1484897,2977624],[908400,1599512,3175034],[978173,1710789,3571254]],"defaults":{"rate":0},"purchase":{"mortgage":313903,"deposit":24272,"rate":100},"net_worth":{"buy":[["house",0.34434152728607825],["personal",0.19643275762597157],["rrsp",0.45922567277388604]],"rent":[["personal",0.2368292841715475],["rrsp",0.7631709494816593]]}}