{"opts":{"samples":1000,"years":30,"inflation":0.02,"income":85000,"income_increase":0.02,"income_old_age":0.2,"tax":{},"expenses":2500,"expenses_increase":0.02,"rrsp_allowance":0.18,"savings":10000,"rent":1500,"property_value":300000,"property_type":"apartment","property_tax":0.007,"property_tax_increase":0.02,"property_maintenance":0.015,"property_transaction_fees":0.06,"mortgage_term":25},"buy":[[-71677,-71193,-70666],[-54194,-50322,-46233],[-34099,-25230,-15082],[-12413,1723,18030],[10913,29991,52610],[36180,59998,87502],[65214,91801,123046],[95345,125228,159879],[126975,160817,201627],[160023,198131,243391],[194415,237609,289808],[232191,278590,336610],[271895,321442,382042],[313979,366970,434684],[356866,416970,495383],[403198,466890,555951],[453383,521951,618950],[499792,576687,699938],[553236,636254,769266],[607498,701088,849788],[664792,767559,931791],[725923,841755,1028678],[789348,916610,1121901],[856044,989778,1244629],[924546,1073297,1355638],[998983,1154076,1489130],[1076969,1250537,1641605],[1159802,1345180,1780308],[1243062,1454933,1951899],[1324916,1576436,2153947]],"rent":[[-36485,-34623,-32760],[-13976,-8158,-1881],[8171,19161,29205],[31751,46633,63068],[54720,74337,98039],[77374,103271,132397],[100831,132617,169292],[123921,162620,206884],[150072,193675,251162],[174286,224228,294556],[196215,257900,346097],[221565,292025,392473],[246272,329187,451070],[272580,366796,517208],[294822,408667,588735],[322008,452031,665820],[350266,502444,739937],[377056,549937,833637],[402024,604828,944065],[437008,658001,1038380],[468747,720693,1146399],[505331,782880,1288654],[532277,846706,1376124],[561941,908374,1552443],[593451,976393,1742364],[641835,1049231,1947083],[680455,1140494,2122489],[720943,1215470,2373824],[757248,1320882,2647615],[798385,1432344,2854713]],"defaults":{"rate":0},"purchase":{"mortgage":315575,"rate":100},"net_worth":{"buy":[["house",0.5658639954889614],["personal",0.16387054477408158],["rrsp",0.2702654359492839]],"rent":[["personal",0.2551916128916464],["rrsp",0.7448085023673746]]}}