{"opts":{"samples":1000,"years":30,"inflation":0.02,"income":85000,"income_increase":0.02,"income_old_age":0.2,"tax":{},"expenses":2500,"expenses_increase":0.02,"rrsp_allowance":0.18,"savings":10000,"rent":1500,"property_value":300000,"property_type":"apartment","property_tax":0.007,"property_tax_increase":0.02,"property_maintenance":0.015,"property_transaction_fees":0.06,"mortgage_term":25},"buy":[[-72917,-72213,-71421],[-66183,-62067,-57358],[-56554,-47559,-36655],[-45539,-31251,-15455],[-32701,-13987,7973],[-18429,3891,32962],[-1459,25213,55682],[17447,47037,81029],[37573,70939,108439],[59428,96317,139214],[81573,122493,172477],[106450,152375,204285],[133976,182396,241862],[161477,216270,277842],[193405,251708,321985],[225644,287623,370368],[261396,326757,429772],[295596,369516,478499],[332081,417146,542560],[368970,466300,607849],[413866,523255,686283],[455541,581860,753990],[502875,648050,857782],[557351,714778,950798],[614667,792216,1067850],[665583,865905,1172515],[739504,953708,1313675],[805542,1044790,1441886],[866033,1141541,1590045],[945704,1242753,1717354]],"rent":[[-36001,-34555,-33217],[-12408,-7984,-3784],[11079,18914,26860],[36416,46768,58024],[59745,74406,89870],[85574,103565,123104],[109807,133052,155858],[134503,162944,192745],[159333,194085,232467],[185413,225157,272271],[209503,258910,317890],[236026,292846,367443],[265449,330022,417129],[295516,370422,468726],[323081,411795,532517],[352015,456848,602695],[382783,498599,663697],[418758,546416,745367],[448625,600050,832610],[479614,648857,907986],[513076,708636,1007014],[546529,773075,1120071],[582462,843253,1225704],[617423,918958,1346667],[660880,992327,1517041],[702573,1074158,1621867],[751658,1157841,1817335],[798691,1249604,1941242],[850243,1341945,2122275],[915679,1452458,2335483]],"defaults":{"rate":0},"purchase":{"mortgage":306166,"rate":100},"net_worth":{"buy":[["house",0.21223244752990175],["personal",0.3133300975426888],["rrsp",0.47443769367822936]],"rent":[["personal",0.2594654154250215],["rrsp",0.7405344559655366]]}}