{"opts":{"samples":1000,"years":30,"inflation":0.02,"income":100000,"income_increase":0.02,"income_old_age":0.2,"tax":{},"expenses":2500,"expenses_increase":0.02,"rrsp_allowance":0.18,"savings":10000,"rent":2000,"property_value":300000,"property_type":"apartment","property_tax":0.007,"property_tax_increase":0.02,"property_maintenance":0.015,"property_transaction_fees":0.06,"mortgage_term":25},"buy":[[-79414,-74830,-53140],[-74784,-52998,-32706],[-67524,-22717,-3119],[-58857,9419,31767],[-48505,41624,70160],[-34473,75268,110642],[-7453,107454,151075],[25275,142444,193831],[58197,178260,243048],[95416,218830,294926],[128287,259947,347323],[166505,304462,401985],[202981,350461,468883],[242196,399477,534858],[287457,451473,619246],[322002,509846,688686],[374078,577400,777545],[429602,643009,884077],[474034,716692,985070],[530049,789318,1100755],[591496,875275,1231029],[658104,971517,1363327],[720782,1063272,1510481],[798592,1174452,1690473],[873336,1286216,1855541],[949047,1403475,2033808],[1024455,1536521,2257609],[1129994,1659174,2468125],[1252892,1816912,2749770],[1341618,1966930,3064138]],"rent":[[-40331,-38556,-37091],[-13766,-8395,-3392],[13843,22689,31577],[41277,53802,66811],[69084,85412,103435],[96108,117062,140956],[123955,150593,179451],[152094,183968,222905],[179342,220172,264057],[208337,256518,313611],[239277,294880,364556],[270130,333629,416175],[302441,376581,473417],[329601,422590,534091],[363601,471088,611365],[402521,518901,681454],[437748,575329,757356],[476350,632998,844397],[511590,692430,944298],[548037,756364,1050053],[604065,825154,1178576],[637882,902988,1311594],[692164,978488,1436241],[735871,1054016,1602851],[772944,1144524,1758979],[840014,1238164,1945012],[897047,1340232,2127652],[962298,1439895,2315027],[1022600,1557272,2586122],[1078616,1692505,2838901]],"defaults":{"mortgage_rate":0.1325,"rate":10.8},"purchase":{"mortgage":305193,"rate":100},"net_worth":{"buy":[["house",0.13396837028771127],["personal",0.30965391583323776],["rrsp",0.5563775598402785]],"rent":[["personal",0.254669918689751],["rrsp",0.7453300084316016]]}}