{"opts":{"samples":1000,"years":30,"inflation":0.02,"income":80000,"income_increase":0.02,"income_old_age":0.2,"expenses":2000,"expenses_increase":0.02,"rrsp_allowance":0.18,"savings":20000,"rent":2000,"property_value":200000,"property_type":"apartment","property_tax":0.007,"property_tax_increase":0.02,"property_maintenance":0.015,"property_transaction_fees":0.06,"mortgage_term":25},"buy":[[-36572,-33851,-31158],[-3256,3716,10998],[31531,42839,55331],[68541,83679,100554],[107178,126898,148662],[145997,172201,200940],[187346,218354,254872],[229860,267328,311183],[269922,317798,371180],[316321,371443,437135],[364137,425186,510207],[413723,483457,586171],[461854,546335,672136],[515768,610773,768773],[572268,678343,858898],[626279,750642,962498],[683553,825224,1058900],[741341,904300,1175938],[811761,994476,1313638],[883544,1084143,1458690],[951560,1188290,1608606],[1030531,1292262,1756790],[1092534,1403654,1942446],[1186299,1515459,2103313],[1263115,1637708,2338633],[1350730,1771341,2601210],[1450992,1909976,2928112],[1544690,2061739,3135553],[1635600,2206232,3485272],[1724998,2398902,3744296]],"rent":[[-36760,-35229,-33858],[-18101,-12490,-7138],[410,9965,19859],[18590,33532,47666],[39545,56430,76733],[59111,80237,107119],[76081,105998,139530],[97314,131030,172724],[116848,156945,207748],[135518,183420,248449],[155367,208920,283057],[171766,237453,336851],[190067,266737,380100],[206306,295859,435132],[225912,328961,486539],[245490,356890,542361],[266924,395568,611089],[283253,430553,677057],[298238,471075,757217],[317748,512265,842931],[334052,552257,942467],[357472,603264,1034857],[375524,655107,1167777],[399980,707695,1313330],[416697,764545,1386736],[450732,814127,1517210],[472106,882700,1687083],[500112,954137,1816211],[540840,1026976,1991447],[547934,1116158,2194814]],"defaults":{"rate":0},"purchase":{"mortgage":199693,"deposit":7105,"rate":100},"net_worth":{"buy":[["house",0.252874103788955],["personal",0.2724424992334499],["rrsp",0.4746833019632156]],"rent":[["personal",0.22925677460535185],["rrsp",0.7707434115751862]]}}