{"opts":{"samples":1000,"years":30,"inflation":0.02,"income":80000,"income_increase":0.02,"income_old_age":0.2,"tax":{},"expenses":2000,"expenses_increase":0.02,"rrsp_allowance":0.18,"savings":20000,"rent":2000,"property_value":200000,"property_type":"apartment","property_tax":0.007,"property_tax_increase":0.02,"property_maintenance":0.015,"property_transaction_fees":0.06,"mortgage_term":25},"buy":[[-36288,-33841,-31178],[-3316,3947,10734],[31424,43096,55280],[69040,85182,101778],[105723,127201,150704],[145506,172372,203481],[185824,218161,255665],[228490,268019,312748],[273311,316917,370969],[316662,369927,433082],[365403,425092,506219],[415488,483679,582951],[465655,544283,658744],[518241,611779,740254],[567580,679911,839957],[626917,748565,931996],[684320,829054,1040535],[745950,908962,1156789],[810768,991984,1286335],[880594,1074954,1436520],[949700,1168178,1587301],[1026513,1264480,1780774],[1100784,1373636,1969606],[1179411,1492011,2195636],[1268752,1613743,2378730],[1369016,1745483,2595116],[1452500,1883300,2884980],[1542813,2027081,3120615],[1636635,2181147,3373867],[1734557,2338870,3736302]],"rent":[[-36627,-35232,-33749],[-18095,-12450,-7447],[513,9752,19496],[20007,33170,47784],[39158,56790,75854],[59056,80057,106954],[76737,104748,135999],[97810,130745,169995],[116684,156138,204471],[136267,181363,243870],[150943,209106,284847],[172877,235483,330941],[192038,261736,377529],[211738,292587,428498],[230856,324003,493796],[248582,355597,549712],[271894,388603,610438],[288834,426020,678525],[309790,467847,763577],[331029,512512,850988],[350420,554749,950869],[374980,601320,1050580],[397270,653098,1172470],[422981,709490,1291448],[446095,764698,1449818],[469258,828604,1597189],[496591,903311,1773926],[517647,971704,1981757],[550592,1061857,2170410],[574396,1124259,2434954]],"defaults":{"rate":0},"purchase":{"mortgage":199693,"deposit":7105,"rate":100},"net_worth":{"buy":[["house",0.25946518724773043],["personal",0.27549703050030794],["rrsp",0.46503770447584314]],"rent":[["personal",0.17787018986115063],["rrsp",0.8221301152243224]]}}